PACK_ID,HITS
352,1.0
1735,1.02
179,1.0031627897037483
1434,1.0
426,1.5900317987950703
77,1.0
1856,1.0
150,1.0
1563,1.0
801,1.0
1424,1.0
1587,1.0
1576,1.0
90,1.0056968030606706
404,1.0
29,1.0
1768,1.0
1705,1.0129144364404394
74,1.0
544,1.0024621086139487
